timestamp	commit_hash	model_architecture	val_roc_auc	status	description
2026-09-30 17:10:44	3bc843a	lightgbm_baseline	0.941768	keep	Initial baseline: LightGBM with native categorical handling
2026-09-30 17:25:33	5a2cccc	lightgbm_domain_features_v1	0.941828	keep	Iteration 1: EV domain features (total charging, commute/station, income/car, unmitigated anxiety, subsidy synergy)
2026-09-30 17:26:47	e0a2871	lightgbm_affordability_interactions_leaves63	0.94166	regression	Iteration 2: Affordability x Concern interactions (Income*Env, Income/Age, log1p_income) + num_leaves=63
2026-09-30 17:31:46	e0a2871	ensemble_lgb_xgb_group_aggs	0.941931	keep	Iteration 3: Group aggregations (City_Type, Car_Type income/commute diffs) + LightGBM (0.65) / XGBoost (0.35) blend
2026-09-30 17:37:27	4a79811	ensemble_rank_blend_lgb_xgb	0.941949	keep	Iteration 4: Percentile Rank-Normalized Blending (0.60 LGBM + 0.40 XGBoost) with Group Aggregations
2026-09-30 17:41:20	43dc1f7	ensemble_rank_blend_freq_encoded	0.942887	keep	Iteration 5: Strict in-fold frequency encoding (Income, Commute, Age) + Percentile Rank Blending (0.60 LGB + 0.40 XGB)
2026-09-30 17:44:46	d073c8b	ensemble_rank_blend_xgb_dominant	0.942908	keep	Iteration 6: XGBoost-dominant rank blending (0.45 LGB + 0.55 XGB) with in-fold frequency encoding
2026-09-30 18:01:31	8bce08e	ensemble_rank_blend_leaves40_mcs30	0.942915	keep	Iteration 7: LightGBM tuned leaves=40, min_child_samples=30 within 0.45 LGB + 0.55 XGB rank blend
2026-09-30 18:11:55	c4c819f	ensemble_rank_blend_xgb_lr085	0.942943	keep	Iteration 8: XGBoost tuned lr=0.085, n_estimators=380 + LightGBM leaves=40, mcs=30 rank blend
2026-09-30 18:28:45	c8c0696	ensemble_rank_blend_converged_lgb650_xgb550	0.943039	keep	Iteration 9: Full convergence budget (LGBM n_est=650, XGB n_est=550, early_stopping=35) with 0.50/0.50 rank blend
2026-09-30 18:33:51	1f974fa	ensemble_rank_blend_high_res_bins	0.943521	keep	Iteration 10: High-resolution histogram bins (LGBM max_bin=1024, XGBoost max_bin=2048) with 0.50/0.50 rank blend
2026-09-30 18:38:51	a89cbc6	ensemble_rank_blend_xgb_maxbin4096_w65	0.943616	keep	Iteration 11: Ultra-high-resolution XGBoost (max_bin=4096, weight=0.65) + LightGBM (max_bin=1024, weight=0.35)
2026-09-30 20:15:19	b4f283e	ensemble_rank_blend_regularized_lgb36_xgb_d5	0.94365	regression	Iteration 12: XGB max_depth=5 max_bin=4096 + LGB leaves=36 (REVERTED: 138.09s exceeded strict 120s budget)
2026-09-30 20:30:03	b4f283e	ensemble_rank_blend_lgb_cs95_xgb_gamma05	0.943601	regression	Iteration 12b: LGB colsample=0.95 + XGB gamma=0.05 (REVERTED: 134.43s exceeded strict 120s budget)
2026-09-30 20:54:01	f387ca4	ensemble_asymmetric_depth5_xgb_lgb_netgreen	0.943658	regression	Iteration 13: Asymmetric XGB (depth=5, bin=4096, lr=0.092) + LGB (leaves=36, bin=1024, lr=0.088) (REVERTED: 126.19s exceeded strict 120s budget by 6.19s)
2026-09-30 21:00:09	f387ca4	ensemble_asymmetric_depth5_xgb_lgb_netgreen	0.943571	regression	Iteration 13: Asymmetric fast Depth-5 XGBoost (max_bin=4096, lr=0.092, n=410, w=0.62) + LightGBM (leaves=36, lr=0.089, n=450, max_bin=1024, w=0.38)
2026-09-30 21:04:06	f387ca4	ensemble_asymmetric_depth5_xgb_lgb_netgreen	0.943657	keep	Iteration 14: Asymmetric ensemble - Depth-5 ultra-high-res XGBoost (max_bin=4096, lr=0.092, eval_metric=logloss, net_green_subsidy + sub_x_inc, w=0.62) + LightGBM (leaves=36, lr=0.088, max_bin=1024, w=0.38)
